id,True
bullet,True
gauge,True
combined_material,True
mfg brand name,True
combined_count,True
combined_size,True
combined_weight,True
application method,True
cleanup,True
combined_color,True
combined_boolean,True
combined_area,False
combined_type,True
opacity,True
product style,True
combined_time,True
transparency,True
certifications and listings,True
construction,True
drain location,True
exterior bath shape,False
faucet mount,True
shape,True
combined_measurements,True
faucet features,True
faucet included components,True
combined_speed,True
spray pattern,True
exhaust maximum cfm,False
microwave door release,False
microwave features,True
oven settings,True
safety listing,False
light source,True
drive style,True
fastener head style,True
fastener plating,True
finish,True
finish family,True
head style,True
measurement standard,True
package quantity,False
primary use,True
application,True
moulding features,False
pattern number,False
sell pack options,True
ca (carb) compliant,False
cutting options,False
engine make,True
features,True
included,True
terrain,False
light control,True
orientation,True
surface,False
ladder rating,True
nonslip tread,False
fence application,True
quantity,False
mounting method,True
irrigation system component,True
sprinkler location,False
door style,True
energy efficiency tier rating,False
included items,True
combined_temperature,True
wash cycles,True
washer dispensers,False
washer features,True
square feet per piece,False
sheet or roll,True
coating product category,True
sheen,True
specialty finish,True
durability,True
deco style,False
battery amp hours,False
power tool features,True
burner system,False
vented or vent-free,True
fencing style,True
panel assembly,True
recommended fastener,False
bowl shape,True
flushing mechanism,True
flushing technology,True
gallons per flush,True
map performance rating,True
mount location,True
toilet features,True
toilet included components,True
trip lever location,True
collection name,True
number in pack,False
hardware finish family,True
projection,False
style,True
use,True
coating base,True
coating consistency,False
fire rating,False
surface recommended,True
frame primary finish,True
patio furniture features,True
canopy shape,False
opening mechanism,False
pattern style,False
grade,False
door configuration,True
door handing,True
energy star qualified,False
glass caming finish,True
glass style,True
hinge finish,True
ice melt features,True
product form,True
faced or unfaced,True
insulation r-value,False
roll or batt,True
flashlight features,True
lumens,False
power source,True
planter features,False
sheet features,True
disposer feed,False
water connection location,False
water heater features,True
water heater profile,True
area rug pattern,True
area rug style,False
cleaning instructions,True
rug shape,True
rug weave,False
left side connection,True
right side connection,True
door finish,False
freezer features,True
general features,True
ice maker,False
ice maker features,True
operational features,True
refrigeration dispenser features,True
storage features,True
window well part,True
water flow control,False
btu cooling rating,True
controls,False
decibel rating,True
inlet connection,False
outlet connection,False
combined_angle,True
drive system,True
snow blower features,False
snow blower usage,False
traction,False
broiler location,True
burner no.1 btu,False
burner no.2 btu,False
burner no.3 btu,False
burner no.4 btu,False
burner no.5 btu,False
burner no.6 btu,False
cooktop features,True
item package uom,False
oven cleaning options,True
oven features,True
oven racks,False
set includes,True
table finish,True
table primary finish,True
table shape,True
adhesion level,True
recommended surfaces,True
caulk form,False
professional paint supplies & values,False
tools included,True
required extension cord rating,False
area of use,True
concentrated or ready to use,True
contact or systemic,True
equivalent ready to use amount,True
form,True
fits brands,True
hose exhaust,True
vent hose configuration,True
pad description,False
niosh classification,False
quantity per package,False
harp style,True
maximum bulb wattage,False
shade shape,False
switch mechanism,True
texture,False
density,False
filtration method,True
fitting style,False
water filtration technology,True
bulb shape,True
light bulb base code,True
light bulb features,True
light bulb shape code,True
lighting technology,True
number in package,False
watt equivalence,False
shank style,True
exact dry scof rating,True
exact wet scof rating,True
tile features,True
tile finish,True
tile use,True
fastener recommendation,True
lumber quality,False
fits models,True
electrical features,True
switch style,True
installation,True
overflow location,False
minimum recommended air delivery scfm @ 90psi,False
nail gauge,True
dry cycles,True
dryer features,True
exhaust vent location,False
lint filter location,True
portable heater features,True
landscape lighting application,True
outdoor lighting features,True
season use,True
drywall features,True
tub features,True
bookcase style,True
engine cycles,True
mulch ratio,False
combined_noise,False
vacuum kit,False
featured collections,True
power distribution features,True
unit,False
connection 1,True
connection 2,True
set requirements,False
bell wire required,True
transformer,False
minimum extension cord rating,False
bench or stationary,True
mounting options,True
tint base,True
wall plate configuration,True
wall plate deco style,True
gate placement,False
duty rating,True
groove joint,True
sprayer use,True
continuous wattage,False
peak wattage,False
vanity features,True
vanity included components,True
vanity top accommodations,True
electronics features,True
electronics included components,True
handle finish,True
teeth per inch,False
gate opening style,True
power requirements,False
wired or wireless,True
btu heat rating,True
grid pattern,False
solar heat gain coefficient,False
u-factor,False
window handing,False
maximum current,False
pressure treatment chemical,True
connection,True
rating,True
valve use,True
mounting style,True
profile,True
blade location,False
bulb finish,True
laminate style,False
wood pieces included,False
generator features,True
healthcare supplies features,False
hardwired or plug-in,False
line advance system,False
shaft shape,True
front or rear,False
inflatable or solid,False
dust collection method,False
drip & micro irrigation component,True
cabinet construction,False
overlay,False
astm d 3273 test results,False
dcof rating,False
allowable ampacities,False
conductor gauge,True
package contents,True
packaging,False
stranded or solid,True
range of motion,False
kit contents,True
knob style,False
strike,False
accessory change system,True
accessory compatibility,True
siding features,True
garland or wreath,True
garland style,True
vinyl coated,False
canopy features,False
mounting,True
play set includes,False
recommended age range,False
roof style,True
patio cover features,False
air handler,False
grill assembly,False
grill features,True
recommended light bulb shape code,True
carpet fiber,False
default pad,True
in-store availability,False
par rating,False
twist number,False
element no.1 wattage,False
element no.2 wattage,False
element no.3 wattage,False
element no.4 wattage,False
element no.5 wattage,False
element no.6 wattage,False
lower oven features,True
lower oven rack positions,False
lower oven settings,False
lower oven wattage,False
upper oven features,True
upper oven rack positions,False
upper oven settings,False
upper oven wattage,False
compatible hand tool,True
"fish tape, rod or lubricant",True
padding application,True
fixed or tension,True
stain,True
"staple, clip, tie or tubing",True
control location,False
protects against,False
fireplace style,False
cancellation,False
coverage starts,False
deductibles,False
delivered by,False
phone support,False
product price range,False
protection plan category,True
recommended function,True
variable power settings,False
ceiling or wall installation,True
joules,False
locking mechanism,False
water filter replacement model#,False
rope configuration,True
recommended oil,True
plant category,True
plant variety,True
faucet accommodations,False
closure style,False
inseam,False
safety features,True
light functions,True
light style,True
air delivery scfm @ 40psi,False
air delivery scfm @ 90psi,False
application use,True
tank style,True
fits faucet brand,True
profiles,True
vertical or horizontal,False
gas or electric,True
installation features,True
feed style,False
heater power rating,False
additional characteristics,True
botanical name,True
hardiness zone,True
shipped as,False
sun tolerance,False
water requirements,False
mirror mount location,True
fiber content,False
square feet per unit,False
knob shape,True
light direction,False
guard rails,False
cleaning features,True
gpm,False
pump brand,True
water capability,False
roof pitch,False
roof shape,False
shed features,False
shed style,True
engine manufacturer,False
garage door collection,False
garage door style,False
garage features,True
door swing,False
maximum opening,False
board form,True
installation location,True
pack coverage,False
appliance series,True
sq ft per case,False
where to use,True
clawfoot tub style,True
feet finish,True
tent usage,False
carport features,False
frame gauge,False
parking layout,False
toilet seat shape,False
grit,False
sanding grade,True
faucet finish,True
on-center measurement,True
chisel tip style,False
peak horsepower,True
field of view,False
installation method,True
bottom door sweep,False
handleset finish,True
hvac application,True
applicator use,False
cover dimensions,False
cushion and pillow features,True
cushion style,False
door design,True
lever style,False
door release,False
minimum rated extension cord,False
connected home protocol,False
smart device enabled,False
attachment style,False
seat shape,True
deadbolt strike,False
pitch positions,False
use with,True
compatible sanding product,False
total btu,False
hanging method,False
candle style,False
vent location,False
spindle travel,False
item package quantity,False
sink features,False
sink gauge,False
sink included components,False
reccommended sq. ft.,False
frame finish family,True
lubricant base,True
filter category,True
bath fan features,True
wall construction,True
total items accommodated,False
additive required,False
cover style,False
adapter style,False
nrc rating,False
cable gauge,False
connector recommendation,True
fastening,False
hand orentation,False
duct shape,False
range hood features,False
vent style,True
input volts,False
starting method,False
surveillance features,True
surveillance included,False
language,False
bend radius,False
points,False
raised bed features,True
bore offset,False
ac\dc,False
compatibility,True
dishwasher cycles,False
dishwasher features,True
dishwasher rack configuration,True
hard food disposer or filtration,False
silverware basket location,False
art classification,True
wall decal theme,True
structured media application,False
structured media piece,True
cabinet collection,True
finished end,False
grounding,True
outlet location,True
quantity included,False
ceiling tile style,False
edge detail,False
doors operated by remote,False
remote controls included,False
btus,False
decoration theme,True
track lighting configuration,True
banner theme,False
college team,True
feet per roll,False
tape design,False
condition of lawn,False
air pressure at paint cap psi,False
trash and recycling features,True
sold as,False
design pattern,False
window features,False
theme,False
cuts through,True
tile saw features,True
container finish family,True
operation,False
maximum wattage,True
board spacing,False
includes,False
slide system,False
artificial or fresh cut,True
file tooth coarseness,False
compatible tape style,False
handle style,True
fixture finish,True
fixture finish family,True
insulation contact,False
new construction or remodel,True
reflector finish family,True
overhang,False
tree shape,True
cooler features,True
on-unit display,False
binding,False
publisher,False
light requirements,False
chain pitch,False
drive links,False
panel style,True
review function,False
pattern name,True
grill compatibility,True
microwave cleaning method,False
rack positions,False
wall oven configuration,True
ornament or tree topper,True
channels,False
raceway cord covers system,True
shower included components,True
sprayer category,True
application tested,True
ac rating,True
gloss,True
hot tub features,True
hot tub included components,True
maximum occupancy,False
indoor decor theme,True
humidifier features,False
evergreen or deciduous,False
optimal soil condition,False
dryer door style,False
air filter features,True
artist's name,False
artwork name,True
attachment method,False
drain style,False
wiring configuration,False
closure,False
mesh gauge,False
tube gauge,False
dust pan style,False
thermal conductivity in btu,False
maximum user codes,False
firepit primary finish,False
temporary or permanent,False
cable rail application,False
air deflection,False
percentage of solar heat blocked,False
cfm,False
mph,False
fixed or adjustable,False
threshold shape,False
threshold style,True
primer purpose,True
electric fencing component,True
voltage power,False
frame corner embellishment,False
frame edge embellishment,False
frame style,False
mirror style,False
mirror use,True
camera connection,True
camera technology,True
water compatibility,True
trailer parts and accessories,True
duration,False
minimum pet age,False
fastener,False
chemical form,True
knob strike,False
gallons per hour,False
category rating,False
measures,True
hasp use,True
octane rating,False
compatible product,True
solid or half-slot,False
design,True
periods per programmable day,False
system compatible,False
thermostat features,True
remote monitoring,False
filtered or filterless,True
cycles per gallon,False
fastener style,True
gardening book category,True
rubber tile style,False
back plate style,True
short or long handle,False
media accommodated,False
compatible with,False
approximate #of stems,False
fragrance,False
thread pitch,False
child lock placement,True
nfl team,True
models used with,True
location,False
compressor,False
cooling,False
psi range,True
advanced sensor options,False
combustible sensor options,False
rechargable battery pack and power supply,False
toxic sensor 3 options,False
toxic sensor options,False
guard style,False
mounting placement,False
boating features,False
kids and teens theme,False
side inlet connection,False
configuration,False
fastener tool needed,False
light function,False
pat pin use,False
thread spacing,False
shelf features,False
shelf included components,False
moulding style,False
broom style,False
cell layers,True
bucket location,False
bucket storage or bucketless,False
key ring style,True
ring style,True
harness form,False
gear ratio,False
concealed hinge,False
load location,True
vesa standard,False
pressure system,False
primary application,True
discharge direction,False
single or dual inlet,False
engine power,False
load caliber,False
connection 3,False
slim or full,False
backrest,False
viscosity grade,False
viscosity index,False
shingle style,True
usage,False
cold cranking amps (cca) at 0 f,False
accuracy,False
cable construction,False
closing mechanism,False
hinge finish family,False
shutter shape,False
shutter style,False
fixed or portable,False
gas(es) detected,True
raceway metallic system,False
shower arm style,True
bristle stiffness,False
character,False
roof construction,True
cleat gauge,False
display technology,True
hdmi inputs,False
screen resolution,False
battery application,True
cranking amps (ca) at 32 f,False
flow rate,True
primary ingredient,True
handwash or machine use?,False
humidifier style,False
spud location,False
plumbing category,False
greenhouse features,False
fabric surface,True
hanging style,True
light filtering level,True
tine position,True
seat style,False
area rug theme,False
thread measurement,False
compatible tool,True
moisture content,False
slices of bread,False
days to harvest,False
trap style,False
battery-operated or corded,False
sign lighting,True
distance to spot ratio,False
mural theme,False
maximum percentage of uv rays blocked,False
arms,False
back,False
bundle quantity,False
livestock use,False
home improvement topic,True
lighted area,False
single or double,False
recording resolution,False
air freshener form,False
thinner application,True
matting included,True
vehicle make,True
items included,False
telephone design,False
discharge range,False
extinguisher class,False
extinguisher features,True
external electrode,False
pliers category,False
fence wire gauge,False
power source connection,False
food form,False
hanger,False
surface texture,False
storage space,False
engine cycle,False
dining and entertainment features,False
test for,False
chuck style,False
video,True
connection points,False
cap shape,True
curved or straight,False
head finish family,False
strike shape,False
function,True
plumbing brush category,True
hammock style,True
child gender,False
wool grade,False
motor phase,False
cubic yards,False
tray shape,True
access controls and powering devices,False
holdback style,False
minimum cubic feet,False
vehicle compatibility,False
issn,False
topic,False
pool dimensions,False
connection 4,False
tableware and serveware style,False
tonneau cover style,False
inlay or geometric design,False
shade,False
lamp style,False
magnification rating,False
wall bar installation,True
wireless standard,False
aspect ratio,False
gain,False
video game system compatible,False
monogram letter,True
costume theme,False
nhl team,True
carpet theme,False
shirt neck style,False
coring use,False
brush or scraper,True
operational surfaces,True
lanyard design,False
window shape,False
internet connection,False
output resolution,False
surface cleaned,False
tank shape,True
college conference,False
mlb team,False
output joules,False
stored joules,False
key chain design,True
track shape,False
childrens book category,False
embellishment,False
primary style,False
maximum story number,False
single or dual,False
cleaning area,False
flavor,False
hat style,False
btu rating,False
military branch,False
screw gauge required,False
system configuration,False
air freshener scent,False
number per package,False
setting includes,False
non-stick plates,False
hand or foot operated,False
bicycle features,False
storage basket,False
connectivity,False
operating system,False
number per pack,False
nba team,False
grip style,False
product category,False
lens shading,False
magnification,False
outlet strip system,False
wiring,False
single or double line,False
wwe,False
quarts produced,False
monitor batteries required,False
parent unit batteries required,False
protection position,False
cookbook topic,False
headphone style,False
heat source,False
release bin,False
age recommendation,False
hdmi outputs,False
slide style,False
accent mount finish family,False
camera,False
wireless capability,False
base shape,False
cleaning cycle,False
product_title,True
synonyms,True
search_len,True
relevance,True
