words_in_title,F
words_in_descr,F
words_in_brand,F
words_in_color,F
words_in_material,F
words_in_size,F
words_in_weight,F
words_in_volt,F
words_in_watt,F
whole_query_in_title,F
whole_query_in_descr,D
query_len,F
ratio_title,F
ratio_descr,F
relevance,F
bullet,F
gauge,D
combined_material,D
combined_brand,F
combined_count,D
combined_size,F
combined_weight,D
application method,D
cleanup,D
combined_color,D
combined_boolean,D
combined_type,F
opacity,D
product style,D
combined_time,D
transparency,D
certifications and listings,D
construction,D
drain location,D
faucet mount,D
shape,D
combined_measurements,D
combined_volt,D
combined_watt,D
faucet features,D
faucet included components,D
combined_speed,D
spray pattern,D
microwave features,D
oven settings,D
light source,D
drive style,D
fastener head style,D
fastener plating,D
finish,F
finish family,D
head style,D
measurement standard,D
primary use,D
application,D
moulding features,D
sell pack options,D
engine make,D
features,D
included,D
light control,D
orientation,D
ladder rating,D
fence application,D
mounting method,D
irrigation system component,D
door style,D
included items,D
combined_temperature,D
wash cycles,D
washer features,D
sheet or roll,D
coating product category,D
sheen,D
specialty finish,D
durability,D
power tool features,D
vented or vent-free,D
fencing style,D
panel assembly,D
bowl shape,D
flushing mechanism,D
flushing technology,D
gallons per flush,D
map performance rating,D
mount location,D
toilet features,D
toilet included components,D
trip lever location,D
collection name,D
hardware finish family,D
projection,D
style,D
use,D
coating base,D
surface recommended,D
frame primary finish,D
patio furniture features,D
door configuration,D
door handing,D
glass caming finish,D
glass style,D
hinge finish,D
ice melt features,D
product form,D
faced or unfaced,D
roll or batt,D
flashlight features,D
power source,D
sheet features,D
water heater features,D
water heater profile,D
area rug pattern,D
cleaning instructions,D
rug shape,D
left side connection,D
right side connection,D
freezer features,D
general features,D
ice maker features,D
operational features,D
refrigeration dispenser features,D
storage features,D
window well part,D
btu cooling rating,D
decibel rating,D
combined_angle,D
drive system,D
broiler location,D
cooktop features,D
oven cleaning options,D
oven features,D
set includes,D
table finish,D
table primary finish,D
table shape,D
adhesion level,D
recommended surfaces,D
tools included,D
area of use,D
concentrated or ready to use,D
contact or systemic,D
equivalent ready to use amount,D
form,D
hose exhaust,D
vent hose configuration,D
niosh classification,D
harp style,D
switch mechanism,D
filtration method,D
water filtration technology,D
bulb shape,D
light bulb base code,D
light bulb features,D
light bulb shape code,D
lighting technology,D
shank style,D
exact dry scof rating,D
exact wet scof rating,D
tile features,D
tile finish,D
tile use,D
fastener recommendation,D
fits models,D
electrical features,D
switch style,D
installation,D
nail gauge,D
dry cycles,D
dryer features,D
lint filter location,D
portable heater features,D
landscape lighting application,D
outdoor lighting features,D
season use,D
drywall features,D
tub features,D
bookcase style,D
engine cycles,D
featured collections,D
power distribution features,D
connection 1,D
connection 2,D
bell wire required,D
bench or stationary,D
mounting options,D
tint base,D
wall plate configuration,D
wall plate deco style,D
duty rating,D
groove joint,D
sprayer use,D
vanity features,D
vanity included components,D
vanity top accommodations,D
electronics features,D
electronics included components,D
handle finish,D
gate opening style,D
wired or wireless,D
btu heat rating,D
pressure treatment chemical,D
connection,D
rating,D
valve use,D
mounting style,D
profile,D
bulb finish,D
generator features,D
hardwired or plug-in,D
shaft shape,D
dust collection method,D
drip & micro irrigation component,D
conductor gauge,D
package contents,D
stranded or solid,D
kit contents,D
accessory change system,D
accessory compatibility,D
siding features,D
garland or wreath,D
garland style,D
mounting,D
roof style,D
grill features,D
recommended light bulb shape code,D
default pad,D
lower oven features,D
upper oven features,D
compatible hand tool,D
"fish tape, rod or lubricant",D
padding application,D
fixed or tension,D
stain,D
"staple, clip, tie or tubing",D
protection plan category,D
recommended function,D
ceiling or wall installation,D
rope configuration,D
recommended oil,D
plant category,D
plant variety,D
safety features,D
light functions,D
light style,D
application use,D
tank style,D
profiles,D
gas or electric,D
installation features,D
additional characteristics,D
botanical name,D
mirror mount location,D
knob shape,D
cleaning features,D
roof pitch,D
shed style,D
garage features,D
board form,D
installation location,D
appliance series,D
where to use,D
clawfoot tub style,D
feet finish,D
sanding grade,D
faucet finish,D
on-center measurement,D
peak horsepower,D
installation method,D
handleset finish,D
hvac application,D
cushion and pillow features,D
door design,D
seat shape,D
use with,D
frame finish family,D
lubricant base,D
filter category,D
bath fan features,D
wall construction,D
connector recommendation,D
vent style,D
surveillance features,D
bend radius,D
points,D
raised bed features,D
compatibility,D
dishwasher features,D
dishwasher rack configuration,D
art classification,D
wall decal theme,D
structured media piece,D
cabinet collection,D
grounding,D
outlet location,D
decoration theme,D
track lighting configuration,D
college team,D
trash and recycling features,D
cuts through,D
tile saw features,D
container finish family,D
artificial or fresh cut,D
handle style,D
fixture finish,D
fixture finish family,D
new construction or remodel,D
reflector finish family,D
tree shape,D
cooler features,D
publisher,D
panel style,D
pattern name,D
grill compatibility,D
wall oven configuration,D
ornament or tree topper,D
channels,D
raceway cord covers system,D
shower included components,D
sprayer category,D
application tested,D
ac rating,D
gloss,D
hot tub features,D
hot tub included components,D
indoor decor theme,D
air filter features,D
artist's name,D
artwork name,D
wiring configuration,D
air deflection,D
threshold style,D
primer purpose,D
electric fencing component,D
mirror use,D
camera connection,D
camera technology,D
water compatibility,D
trailer parts and accessories,D
chemical form,D
measures,D
hasp use,D
compatible product,D
design,D
thermostat features,D
filtered or filterless,D
fastener style,D
gardening book category,D
back plate style,D
child lock placement,D
nfl team,D
models used with,D
location,D
psi range,D
cell layers,D
key ring style,D
ring style,D
load location,D
primary application,D
viscosity grade,D
shingle style,D
gas(es) detected,D
shower arm style,D
roof construction,D
display technology,D
battery application,D
flow rate,D
primary ingredient,D
fabric surface,D
hanging style,D
light filtering level,D
tine position,D
compatible tool,D
trap style,D
sign lighting,D
home improvement topic,D
lighted area,D
thinner application,D
matting included,D
vehicle make,D
extinguisher features,D
video,D
cap shape,D
function,D
plumbing brush category,D
hammock style,D
tray shape,D
wall bar installation,D
monogram letter,D
nhl team,D
brush or scraper,D
operational surfaces,D
tank shape,D
key chain design,D
id,F
search_len,F
product_title,F
search_in_title,D
search_in_bullet,F
product_title/ratio/,D
search_in_title/ratio/,D
search_in_bullet/ratio/,D
bullet/ratio/,D
combined_size/indicator/,F
combined_material/indicator/,D
combined_brand/indicator/,D
combined_color/indicator/,D
combined_weight/indicator/,D
combined_watt/indicator/,D
combined_volt/indicator/,D
combined_type/indicator/,D
