id,F
bullet,F
combined_material,F
combined_time,F
construction,F
drain location,F
combined_measurements,D
faucet features,F
combined_speed,F
spray pattern,F
microwave features,F
light source,D
drive style,F
fastener plating,F
orientation,F
door style,F
combined_temperature,F
sheen,F
mount location,F
toilet features,F
door handing,F
glass caming finish,F
flashlight features,F
power source,F
water heater profile,F
area rug pattern,F
rug shape,F
right side connection,F
freezer features,F
general features,F
combined_angle,F
table shape,D
recommended surfaces,F
area of use,F
concentrated or ready to use,F
contact or systemic,D
form,F
hose exhaust,F
harp style,F
lighting technology,D
shank style,D
tile features,F
switch style,D
drywall features,F
engine cycles,F
vanity features,F
electronics features,D
handle finish,F
gate opening style,F
profile,F
generator features,F
shaft shape,F
stranded or solid,F
accessory change system,F
accessory compatibility,F
siding features,F
garland or wreath,F
mounting,D
roof style,F
grill features,F
recommended light bulb shape code,F
lower oven features,D
padding application,F
"staple, clip, tie or tubing",F
recommended function,F
ceiling or wall installation,F
rope configuration,F
plant variety,F
light functions,F
application use,F
profiles,F
gas or electric,D
botanical name,F
cleaning features,F
pump brand,F
shed style,F
feet finish,F
peak horsepower,F
hvac application,F
cushion and pillow features,F
use with,F
frame finish family,F
lubricant base,F
filter category,F
bath fan features,F
connector recommendation,F
dishwasher features,F
dishwasher rack configuration,F
structured media piece,F
cabinet collection,F
track lighting configuration,D
handle style,F
grill compatibility,F
hot tub features,F
hot tub included components,F
air filter features,F
artwork name,F
threshold style,D
electric fencing component,F
mirror use,F
camera connection,F
camera technology,F
water compatibility,F
trailer parts and accessories,F
hasp use,F
compatible product,F
load location,F
primary application,F
flow rate,F
monogram letter,F
tank shape,F
product_title,F
search_len,F
relevance,F
bullet/slennorm/,F
combined_material/slennorm/,F
combined_time/slennorm/,F
construction/slennorm/,F
drain location/slennorm/,D
combined_measurements/slennorm/,F
faucet features/slennorm/,D
combined_speed/slennorm/,D
spray pattern/slennorm/,D
microwave features/slennorm/,F
light source/slennorm/,D
drive style/slennorm/,D
fastener plating/slennorm/,F
orientation/slennorm/,D
door style/slennorm/,F
combined_temperature/slennorm/,F
sheen/slennorm/,D
mount location/slennorm/,D
toilet features/slennorm/,F
door handing/slennorm/,D
glass caming finish/slennorm/,D
flashlight features/slennorm/,D
power source/slennorm/,D
water heater profile/slennorm/,D
area rug pattern/slennorm/,D
rug shape/slennorm/,D
right side connection/slennorm/,D
freezer features/slennorm/,F
general features/slennorm/,D
combined_angle/slennorm/,D
table shape/slennorm/,D
recommended surfaces/slennorm/,D
area of use/slennorm/,D
concentrated or ready to use/slennorm/,D
contact or systemic/slennorm/,D
form/slennorm/,F
hose exhaust/slennorm/,D
harp style/slennorm/,D
lighting technology/slennorm/,D
shank style/slennorm/,F
tile features/slennorm/,D
switch style/slennorm/,F
drywall features/slennorm/,D
engine cycles/slennorm/,D
vanity features/slennorm/,D
electronics features/slennorm/,D
handle finish/slennorm/,D
gate opening style/slennorm/,D
profile/slennorm/,F
generator features/slennorm/,D
shaft shape/slennorm/,D
stranded or solid/slennorm/,D
accessory change system/slennorm/,D
accessory compatibility/slennorm/,D
siding features/slennorm/,D
garland or wreath/slennorm/,D
mounting/slennorm/,D
roof style/slennorm/,D
grill features/slennorm/,F
recommended light bulb shape code/slennorm/,D
lower oven features/slennorm/,D
padding application/slennorm/,D
"staple, clip, tie or tubing/slennorm/",D
recommended function/slennorm/,D
ceiling or wall installation/slennorm/,D
rope configuration/slennorm/,D
plant variety/slennorm/,D
light functions/slennorm/,D
application use/slennorm/,D
profiles/slennorm/,D
gas or electric/slennorm/,D
botanical name/slennorm/,D
cleaning features/slennorm/,D
pump brand/slennorm/,D
shed style/slennorm/,D
feet finish/slennorm/,D
peak horsepower/slennorm/,D
hvac application/slennorm/,D
cushion and pillow features/slennorm/,D
use with/slennorm/,D
frame finish family/slennorm/,D
lubricant base/slennorm/,D
filter category/slennorm/,D
bath fan features/slennorm/,D
connector recommendation/slennorm/,D
dishwasher features/slennorm/,D
dishwasher rack configuration/slennorm/,D
structured media piece/slennorm/,D
cabinet collection/slennorm/,D
track lighting configuration/slennorm/,D
handle style/slennorm/,D
grill compatibility/slennorm/,D
hot tub features/slennorm/,D
hot tub included components/slennorm/,D
air filter features/slennorm/,F
artwork name/slennorm/,D
threshold style/slennorm/,D
electric fencing component/slennorm/,D
mirror use/slennorm/,D
camera connection/slennorm/,D
camera technology/slennorm/,D
water compatibility/slennorm/,D
trailer parts and accessories/slennorm/,D
hasp use/slennorm/,D
compatible product/slennorm/,D
load location/slennorm/,D
primary application/slennorm/,D
flow rate/slennorm/,D
monogram letter/slennorm/,D
tank shape/slennorm/,D
product_title/slennorm/,D
