id,F
bullet,F
gauge,D
combined_material,F
mfg brand name,D
combined_count,M
combined_size,D
combined_weight,D
application method,D
cleanup,D
combined_color,D
combined_boolean,D
combined_type,D
opacity,D
product style,D
combined_time,F
transparency,D
certifications and listings,M
construction,F
drain location,F
faucet mount,D
shape,D
combined_measurements,F
faucet features,F
faucet included components,D
combined_speed,F
spray pattern,F
microwave features,F
oven settings,M
light source,F
drive style,F
fastener head style,D
fastener plating,F
finish,D
finish family,D
head style,D
measurement standard,D
primary use,D
application,D
sell pack options,D
engine make,D
features,D
included,D
light control,M
orientation,F
ladder rating,D
fence application,M
mounting method,D
irrigation system component,D
door style,F
included items,D
combined_temperature,F
wash cycles,M
washer features,D
sheet or roll,D
coating product category,D
sheen,F
specialty finish,M
durability,D
power tool features,D
vented or vent-free,D
fencing style,M
panel assembly,D
bowl shape,M
flushing mechanism,D
flushing technology,D
gallons per flush,M
map performance rating,D
mount location,F
toilet features,F
toilet included components,D
trip lever location,M
collection name,D
hardware finish family,D
style,D
use,D
coating base,M
surface recommended,D
frame primary finish,D
patio furniture features,D
door configuration,D
door handing,F
glass caming finish,F
glass style,D
hinge finish,D
ice melt features,D
product form,D
faced or unfaced,D
roll or batt,D
flashlight features,F
power source,F
sheet features,M
water heater features,D
water heater profile,F
area rug pattern,F
cleaning instructions,D
rug shape,F
left side connection,D
right side connection,F
freezer features,F
general features,F
ice maker features,D
operational features,D
refrigeration dispenser features,D
storage features,D
window well part,D
btu cooling rating,D
decibel rating,D
combined_angle,F
drive system,D
broiler location,M
cooktop features,D
oven cleaning options,D
oven features,D
set includes,D
table finish,M
table primary finish,M
table shape,F
adhesion level,D
recommended surfaces,F
tools included,M
area of use,F
concentrated or ready to use,F
contact or systemic,F
equivalent ready to use amount,D
form,F
fits brands,D
hose exhaust,F
vent hose configuration,D
harp style,F
switch mechanism,D
filtration method,M
water filtration technology,D
bulb shape,M
light bulb base code,D
light bulb features,D
light bulb shape code,D
lighting technology,F
shank style,F
exact dry scof rating,D
exact wet scof rating,D
tile features,F
tile finish,M
tile use,D
fastener recommendation,M
fits models,D
electrical features,M
switch style,F
installation,D
nail gauge,D
dry cycles,M
dryer features,D
lint filter location,M
portable heater features,M
landscape lighting application,D
outdoor lighting features,M
season use,D
drywall features,F
tub features,D
bookcase style,D
engine cycles,F
featured collections,D
power distribution features,M
connection 1,M
connection 2,D
bell wire required,M
bench or stationary,D
mounting options,D
tint base,D
wall plate configuration,M
wall plate deco style,D
duty rating,D
groove joint,D
sprayer use,M
vanity features,F
vanity included components,D
vanity top accommodations,M
electronics features,F
electronics included components,D
handle finish,F
gate opening style,F
wired or wireless,D
btu heat rating,M
pressure treatment chemical,M
connection,D
rating,M
valve use,D
mounting style,D
profile,F
bulb finish,D
generator features,F
shaft shape,F
drip & micro irrigation component,D
conductor gauge,D
package contents,D
stranded or solid,F
kit contents,D
accessory change system,F
accessory compatibility,F
siding features,F
garland or wreath,F
garland style,M
mounting,F
roof style,F
grill features,F
recommended light bulb shape code,F
default pad,D
lower oven features,F
upper oven features,D
compatible hand tool,D
"fish tape, rod or lubricant",D
padding application,F
fixed or tension,M
stain,M
"staple, clip, tie or tubing",F
protection plan category,D
recommended function,F
ceiling or wall installation,F
rope configuration,F
recommended oil,D
plant category,D
plant variety,F
safety features,D
light functions,F
light style,M
application use,F
tank style,D
fits faucet brand,D
profiles,F
gas or electric,F
installation features,D
additional characteristics,D
botanical name,F
hardiness zone,M
mirror mount location,D
knob shape,D
cleaning features,F
pump brand,F
shed style,F
garage features,D
board form,D
installation location,D
appliance series,D
where to use,D
clawfoot tub style,D
feet finish,F
sanding grade,D
faucet finish,D
on-center measurement,D
peak horsepower,F
installation method,D
handleset finish,M
hvac application,F
cushion and pillow features,F
door design,D
seat shape,D
use with,F
frame finish family,F
lubricant base,F
filter category,F
bath fan features,F
wall construction,D
connector recommendation,F
vent style,D
surveillance features,D
raised bed features,D
compatibility,D
dishwasher features,F
dishwasher rack configuration,F
art classification,M
wall decal theme,D
structured media piece,F
cabinet collection,F
grounding,M
outlet location,M
decoration theme,D
track lighting configuration,F
college team,D
trash and recycling features,M
cuts through,M
tile saw features,D
container finish family,M
maximum wattage,D
artificial or fresh cut,D
handle style,F
fixture finish,D
fixture finish family,D
new construction or remodel,M
reflector finish family,D
tree shape,M
cooler features,D
panel style,M
pattern name,D
grill compatibility,F
wall oven configuration,D
ornament or tree topper,M
raceway cord covers system,D
shower included components,D
sprayer category,D
application tested,D
ac rating,M
gloss,D
hot tub features,F
hot tub included components,F
indoor decor theme,M
air filter features,F
artwork name,F
threshold style,F
primer purpose,D
electric fencing component,F
mirror use,F
camera connection,F
camera technology,F
water compatibility,F
trailer parts and accessories,F
chemical form,D
measures,M
hasp use,F
compatible product,F
design,D
thermostat features,D
filtered or filterless,D
fastener style,D
gardening book category,D
back plate style,D
child lock placement,M
nfl team,D
models used with,D
psi range,D
cell layers,D
key ring style,M
ring style,D
load location,F
primary application,F
shingle style,M
gas(es) detected,M
shower arm style,M
roof construction,D
display technology,D
battery application,D
flow rate,F
primary ingredient,M
fabric surface,M
hanging style,D
light filtering level,D
tine position,M
compatible tool,D
sign lighting,M
home improvement topic,D
thinner application,D
matting included,D
vehicle make,M
extinguisher features,D
video,M
cap shape,D
function,D
plumbing brush category,D
hammock style,M
tray shape,D
wall bar installation,D
monogram letter,F
nhl team,D
brush or scraper,D
operational surfaces,D
tank shape,F
key chain design,D
product_title,F
synonyms,D
search_len,F
relevance,F
