id,F
bullet,F
gauge,D
combined_material,F
mfg brand name,D
combined_count,D
combined_size,F
combined_weight,F
application method,F
cleanup,D
combined_color,F
combined_boolean,D
combined_area,M
combined_type,D
opacity,F
product style,F
combined_time,F
transparency,D
certifications and listings,F
construction,D
drain location,D
exterior bath shape,F
faucet mount,D
shape,D
combined_measurements,F
faucet features,F
faucet included components,F
combined_speed,F
spray pattern,D
exhaust maximum cfm,M
microwave door release,M
microwave features,F
oven settings,F
safety listing,F
light source,D
drive style,F
fastener head style,F
fastener plating,D
finish,D
finish family,D
head style,F
measurement standard,F
package quantity,M
primary use,F
application,D
moulding features,M
pattern number,M
sell pack options,D
ca (carb) compliant,M
cutting options,M
engine make,D
features,F
included,D
terrain,F
light control,D
orientation,F
surface,F
ladder rating,D
nonslip tread,M
fence application,F
quantity,F
mounting method,D
irrigation system component,F
sprinkler location,M
door style,F
energy efficiency tier rating,M
included items,D
combined_temperature,D
wash cycles,D
washer dispensers,M
washer features,F
square feet per piece,M
sheet or roll,F
coating product category,D
sheen,D
specialty finish,F
durability,D
deco style,F
battery amp hours,F
power tool features,M
burner system,M
vented or vent-free,D
fencing style,F
panel assembly,D
recommended fastener,M
bowl shape,D
flushing mechanism,F
flushing technology,D
gallons per flush,D
map performance rating,D
mount location,F
toilet features,F
toilet included components,D
trip lever location,F
collection name,F
number in pack,M
hardware finish family,F
projection,M
style,D
use,F
coating base,D
coating consistency,M
fire rating,M
surface recommended,F
frame primary finish,D
patio furniture features,D
canopy shape,M
opening mechanism,M
pattern style,M
grade,M
door configuration,D
door handing,D
energy star qualified,M
glass caming finish,F
glass style,D
hinge finish,F
ice melt features,D
product form,D
faced or unfaced,D
insulation r-value,M
roll or batt,D
flashlight features,D
lumens,M
power source,D
planter features,M
sheet features,D
disposer feed,M
water connection location,M
water heater features,D
water heater profile,D
area rug pattern,D
area rug style,M
cleaning instructions,D
rug shape,D
rug weave,M
left side connection,D
right side connection,D
door finish,M
freezer features,D
general features,D
ice maker,M
ice maker features,F
operational features,F
refrigeration dispenser features,F
storage features,D
window well part,D
water flow control,F
btu cooling rating,D
controls,M
decibel rating,D
inlet connection,M
outlet connection,M
combined_angle,D
drive system,D
snow blower features,M
snow blower usage,M
traction,M
broiler location,D
burner no.1 btu,M
burner no.2 btu,M
burner no.3 btu,M
burner no.4 btu,M
burner no.5 btu,M
burner no.6 btu,M
cooktop features,D
item package uom,M
oven cleaning options,D
oven features,D
oven racks,M
set includes,D
table finish,D
table primary finish,D
table shape,D
adhesion level,D
recommended surfaces,D
caulk form,M
professional paint supplies & values,M
tools included,F
required extension cord rating,M
area of use,F
concentrated or ready to use,D
contact or systemic,D
equivalent ready to use amount,D
form,F
fits brands,D
hose exhaust,D
vent hose configuration,D
pad description,M
niosh classification,M
quantity per package,M
harp style,D
maximum bulb wattage,M
shade shape,M
switch mechanism,D
texture,M
density,M
filtration method,D
fitting style,M
water filtration technology,D
bulb shape,D
light bulb base code,D
light bulb features,D
light bulb shape code,D
lighting technology,D
number in package,M
watt equivalence,M
shank style,D
exact dry scof rating,D
exact wet scof rating,D
tile features,D
tile finish,D
tile use,D
fastener recommendation,D
lumber quality,M
fits models,F
electrical features,D
switch style,F
installation,D
overflow location,M
minimum recommended air delivery scfm @ 90psi,M
nail gauge,D
dry cycles,D
dryer features,D
exhaust vent location,M
lint filter location,D
portable heater features,D
landscape lighting application,D
outdoor lighting features,D
season use,D
drywall features,D
tub features,D
bookcase style,D
engine cycles,D
mulch ratio,M
combined_noise,M
vacuum kit,M
featured collections,D
power distribution features,D
unit,M
connection 1,F
connection 2,D
set requirements,M
bell wire required,D
transformer,M
minimum extension cord rating,M
bench or stationary,F
mounting options,D
tint base,D
wall plate configuration,D
wall plate deco style,D
gate placement,M
duty rating,D
groove joint,D
sprayer use,D
continuous wattage,M
peak wattage,M
vanity features,D
vanity included components,D
vanity top accommodations,D
electronics features,D
electronics included components,D
handle finish,D
teeth per inch,M
gate opening style,D
power requirements,M
wired or wireless,D
btu heat rating,D
grid pattern,M
solar heat gain coefficient,M
u-factor,M
window handing,M
maximum current,M
pressure treatment chemical,D
connection,D
rating,D
valve use,D
mounting style,D
profile,D
blade location,M
bulb finish,F
laminate style,M
wood pieces included,M
generator features,D
healthcare supplies features,M
hardwired or plug-in,M
line advance system,M
shaft shape,D
front or rear,M
inflatable or solid,M
dust collection method,M
drip & micro irrigation component,D
cabinet construction,M
overlay,M
astm d 3273 test results,M
dcof rating,M
allowable ampacities,M
conductor gauge,D
package contents,D
packaging,M
stranded or solid,D
range of motion,M
kit contents,D
knob style,M
strike,M
accessory change system,F
accessory compatibility,D
siding features,F
garland or wreath,F
garland style,D
vinyl coated,M
canopy features,M
mounting,D
play set includes,M
recommended age range,M
roof style,D
patio cover features,M
air handler,M
grill assembly,M
grill features,D
recommended light bulb shape code,F
carpet fiber,M
default pad,D
in-store availability,M
par rating,M
twist number,M
element no.1 wattage,M
element no.2 wattage,M
element no.3 wattage,M
element no.4 wattage,M
element no.5 wattage,M
element no.6 wattage,M
lower oven features,D
lower oven rack positions,M
lower oven settings,M
lower oven wattage,M
upper oven features,D
upper oven rack positions,M
upper oven settings,M
upper oven wattage,M
compatible hand tool,D
"fish tape, rod or lubricant",D
padding application,D
fixed or tension,D
stain,D
"staple, clip, tie or tubing",D
control location,M
protects against,M
fireplace style,M
cancellation,M
coverage starts,M
deductibles,M
delivered by,M
phone support,M
product price range,M
protection plan category,D
recommended function,D
variable power settings,M
ceiling or wall installation,D
joules,M
locking mechanism,M
water filter replacement model#,M
rope configuration,D
recommended oil,D
plant category,D
plant variety,D
faucet accommodations,M
closure style,M
inseam,M
safety features,D
light functions,D
light style,D
air delivery scfm @ 40psi,M
air delivery scfm @ 90psi,M
application use,D
tank style,D
fits faucet brand,D
profiles,D
vertical or horizontal,M
gas or electric,D
installation features,D
feed style,M
heater power rating,M
additional characteristics,D
botanical name,D
hardiness zone,D
shipped as,M
sun tolerance,M
water requirements,M
mirror mount location,D
fiber content,M
square feet per unit,M
knob shape,D
light direction,M
guard rails,M
cleaning features,D
gpm,M
pump brand,D
water capability,M
roof pitch,M
roof shape,M
shed features,M
shed style,D
engine manufacturer,M
garage door collection,M
garage door style,M
garage features,D
door swing,M
maximum opening,M
board form,D
installation location,D
pack coverage,M
appliance series,D
sq ft per case,M
where to use,D
clawfoot tub style,D
feet finish,D
tent usage,M
carport features,M
frame gauge,M
parking layout,M
toilet seat shape,M
grit,M
sanding grade,D
faucet finish,D
on-center measurement,D
chisel tip style,M
peak horsepower,D
field of view,M
installation method,D
bottom door sweep,M
handleset finish,D
hvac application,D
applicator use,M
cover dimensions,M
cushion and pillow features,F
cushion style,M
door design,D
lever style,M
door release,M
minimum rated extension cord,M
connected home protocol,M
smart device enabled,M
attachment style,M
seat shape,D
deadbolt strike,M
pitch positions,M
use with,D
compatible sanding product,M
total btu,M
hanging method,M
candle style,M
vent location,M
spindle travel,M
item package quantity,M
sink features,M
sink gauge,M
sink included components,M
reccommended sq. ft.,M
frame finish family,D
lubricant base,D
filter category,F
bath fan features,F
wall construction,D
total items accommodated,M
additive required,M
cover style,M
adapter style,M
nrc rating,M
cable gauge,M
connector recommendation,D
fastening,M
hand orentation,M
duct shape,M
range hood features,M
vent style,D
input volts,M
starting method,M
surveillance features,D
surveillance included,M
language,M
bend radius,M
points,M
raised bed features,D
bore offset,M
ac\dc,M
compatibility,D
dishwasher cycles,M
dishwasher features,D
dishwasher rack configuration,D
hard food disposer or filtration,M
silverware basket location,M
art classification,D
wall decal theme,D
structured media application,M
structured media piece,D
cabinet collection,D
finished end,M
grounding,F
outlet location,D
quantity included,M
ceiling tile style,M
edge detail,M
doors operated by remote,M
remote controls included,M
btus,M
decoration theme,D
track lighting configuration,D
banner theme,M
college team,D
feet per roll,M
tape design,M
condition of lawn,M
air pressure at paint cap psi,M
trash and recycling features,D
sold as,M
design pattern,M
window features,M
theme,M
cuts through,D
tile saw features,D
container finish family,D
operation,M
maximum wattage,D
board spacing,M
includes,M
slide system,M
artificial or fresh cut,D
file tooth coarseness,M
compatible tape style,M
handle style,D
fixture finish,D
fixture finish family,D
insulation contact,M
new construction or remodel,D
reflector finish family,D
overhang,M
tree shape,D
cooler features,D
on-unit display,M
binding,M
publisher,M
light requirements,M
chain pitch,M
drive links,M
panel style,D
review function,M
pattern name,D
grill compatibility,D
microwave cleaning method,M
rack positions,M
wall oven configuration,D
ornament or tree topper,D
channels,M
raceway cord covers system,D
shower included components,D
sprayer category,D
application tested,D
ac rating,D
gloss,D
hot tub features,D
hot tub included components,D
maximum occupancy,M
indoor decor theme,D
humidifier features,M
evergreen or deciduous,M
optimal soil condition,M
dryer door style,M
air filter features,D
artist's name,M
artwork name,F
attachment method,M
drain style,M
wiring configuration,M
closure,M
mesh gauge,M
tube gauge,M
dust pan style,M
thermal conductivity in btu,M
maximum user codes,M
firepit primary finish,M
temporary or permanent,M
cable rail application,M
air deflection,M
percentage of solar heat blocked,M
cfm,M
mph,M
fixed or adjustable,M
threshold shape,M
threshold style,D
primer purpose,D
electric fencing component,D
voltage power,M
frame corner embellishment,M
frame edge embellishment,M
frame style,M
mirror style,M
mirror use,D
camera connection,D
camera technology,D
water compatibility,D
trailer parts and accessories,D
duration,M
minimum pet age,M
fastener,M
chemical form,D
knob strike,M
gallons per hour,M
category rating,M
measures,D
hasp use,F
octane rating,M
compatible product,D
solid or half-slot,M
design,D
periods per programmable day,M
system compatible,M
thermostat features,D
remote monitoring,M
filtered or filterless,D
cycles per gallon,M
fastener style,D
gardening book category,D
rubber tile style,M
back plate style,D
short or long handle,M
media accommodated,M
compatible with,M
approximate #of stems,M
fragrance,M
thread pitch,M
child lock placement,D
nfl team,D
models used with,D
location,M
compressor,M
cooling,M
psi range,D
advanced sensor options,M
combustible sensor options,M
rechargable battery pack and power supply,M
toxic sensor 3 options,M
toxic sensor options,M
guard style,M
mounting placement,M
boating features,M
kids and teens theme,M
side inlet connection,M
configuration,M
fastener tool needed,M
light function,M
pat pin use,M
thread spacing,M
shelf features,M
shelf included components,M
moulding style,M
broom style,M
cell layers,D
bucket location,M
bucket storage or bucketless,M
key ring style,D
ring style,D
harness form,M
gear ratio,M
concealed hinge,M
load location,D
vesa standard,M
pressure system,M
primary application,D
discharge direction,M
single or dual inlet,M
engine power,M
load caliber,M
connection 3,M
slim or full,M
backrest,M
viscosity grade,M
viscosity index,M
shingle style,D
usage,M
cold cranking amps (cca) at 0 f,M
accuracy,M
cable construction,M
closing mechanism,M
hinge finish family,M
shutter shape,M
shutter style,M
fixed or portable,M
gas(es) detected,D
raceway metallic system,M
shower arm style,D
bristle stiffness,M
character,M
roof construction,D
cleat gauge,M
display technology,D
hdmi inputs,M
screen resolution,M
battery application,D
cranking amps (ca) at 32 f,M
flow rate,D
primary ingredient,D
handwash or machine use?,M
humidifier style,M
spud location,M
plumbing category,M
greenhouse features,M
fabric surface,D
hanging style,D
light filtering level,D
tine position,D
seat style,M
area rug theme,M
thread measurement,M
compatible tool,D
moisture content,M
slices of bread,M
days to harvest,M
trap style,M
battery-operated or corded,M
sign lighting,D
distance to spot ratio,M
mural theme,M
maximum percentage of uv rays blocked,M
arms,M
back,M
bundle quantity,M
livestock use,M
home improvement topic,D
lighted area,M
single or double,M
recording resolution,M
air freshener form,M
thinner application,D
matting included,D
vehicle make,D
items included,M
telephone design,M
discharge range,M
extinguisher class,M
extinguisher features,D
external electrode,M
pliers category,M
fence wire gauge,M
power source connection,M
food form,M
hanger,M
surface texture,M
storage space,M
engine cycle,M
dining and entertainment features,M
test for,M
chuck style,M
video,D
connection points,M
cap shape,D
curved or straight,M
head finish family,M
strike shape,M
function,D
plumbing brush category,D
hammock style,D
child gender,M
wool grade,M
motor phase,M
cubic yards,M
tray shape,D
access controls and powering devices,M
holdback style,M
minimum cubic feet,M
vehicle compatibility,M
issn,M
topic,M
pool dimensions,M
connection 4,M
tableware and serveware style,M
tonneau cover style,M
inlay or geometric design,M
shade,M
lamp style,M
magnification rating,M
wall bar installation,D
wireless standard,M
aspect ratio,M
gain,M
video game system compatible,M
monogram letter,D
costume theme,M
nhl team,D
carpet theme,M
shirt neck style,M
coring use,M
brush or scraper,D
operational surfaces,D
lanyard design,M
window shape,M
internet connection,M
output resolution,M
surface cleaned,M
tank shape,D
college conference,M
mlb team,M
output joules,M
stored joules,M
key chain design,D
track shape,M
childrens book category,M
embellishment,M
primary style,M
maximum story number,M
single or dual,M
cleaning area,M
flavor,M
hat style,M
btu rating,M
military branch,M
screw gauge required,M
system configuration,M
air freshener scent,M
number per package,M
setting includes,M
non-stick plates,M
hand or foot operated,M
bicycle features,M
storage basket,M
connectivity,M
operating system,M
number per pack,M
nba team,M
grip style,M
product category,M
lens shading,M
magnification,M
outlet strip system,M
wiring,M
single or double line,M
wwe,M
quarts produced,M
monitor batteries required,M
parent unit batteries required,M
protection position,M
cookbook topic,M
headphone style,M
heat source,M
release bin,M
age recommendation,M
hdmi outputs,M
slide style,M
accent mount finish family,M
camera,M
wireless capability,M
base shape,M
cleaning cycle,M
product_title,F
synonyms,D
search_len,F
relevance,F
