id,F
bullet,F
gauge,F
application method,F
combined_type,F
opacity,F
product style,F
combined_time,F
construction,F
drain location,F
faucet features,F
combined_speed,F
microwave features,F
oven settings,F
drive style,F
fastener plating,F
head style,F
package quantity,F
moulding features,F
pattern number,F
light control,D
orientation,F
door style,F
included items,F
sheen,F
specialty finish,F
battery amp hours,F
power tool features,F
flushing technology,F
mount location,F
toilet features,F
trip lever location,F
projection,F
glass caming finish,F
insulation r-value,F
flashlight features,D
power source,F
freezer features,F
general features,F
oven features,F
recommended surfaces,F
area of use,F
equivalent ready to use amount,F
form,F
hose exhaust,F
niosh classification,F
harp style,F
shank style,F
tile features,F
tile finish,F
drywall features,F
engine cycles,F
vanity features,F
handle finish,F
gate opening style,F
generator features,F
hardwired or plug-in,F
shaft shape,F
dust collection method,F
stranded or solid,F
kit contents,F
accessory compatibility,F
garland or wreath,F
mounting,F
"staple, clip, tie or tubing",F
recommended function,F
plant variety,F
safety features,F
light style,F
installation features,F
botanical name,F
cleaning features,F
pump brand,F
shed style,F
garage features,F
board form,F
where to use,F
clawfoot tub style,F
feet finish,F
frame gauge,F
peak horsepower,F
installation method,F
hvac application,F
cushion and pillow features,F
use with,F
frame finish family,F
filter category,F
bath fan features,F
raised bed features,F
structured media piece,F
quantity included,F
container finish family,F
artificial or fresh cut,F
handle style,F
hot tub features,F
hot tub included components,F
artist's name,F
artwork name,F
wiring configuration,F
air deflection,F
primer purpose,F
electric fencing component,F
camera connection,F
camera technology,F
water compatibility,F
thread pitch,F
child lock placement,F
nfl team,F
psi range,F
cell layers,F
load location,F
shower arm style,F
thinner application,F
function,F
wall bar installation,F
monogram letter,F
brush or scraper,F
tank shape,F
product_title,F
search_len,F
relevance,F
bullet/slennorm/,D
gauge/slennorm/,D
application method/slennorm/,D
combined_type/slennorm/,D
opacity/slennorm/,D
product style/slennorm/,D
combined_time/slennorm/,F
construction/slennorm/,D
drain location/slennorm/,D
faucet features/slennorm/,D
combined_speed/slennorm/,D
microwave features/slennorm/,D
oven settings/slennorm/,D
drive style/slennorm/,D
fastener plating/slennorm/,D
head style/slennorm/,D
package quantity/slennorm/,D
moulding features/slennorm/,D
pattern number/slennorm/,D
light control/slennorm/,D
orientation/slennorm/,D
door style/slennorm/,D
included items/slennorm/,D
sheen/slennorm/,D
specialty finish/slennorm/,D
battery amp hours/slennorm/,D
power tool features/slennorm/,D
flushing technology/slennorm/,D
mount location/slennorm/,D
toilet features/slennorm/,D
trip lever location/slennorm/,D
projection/slennorm/,D
glass caming finish/slennorm/,D
insulation r-value/slennorm/,D
flashlight features/slennorm/,D
power source/slennorm/,D
freezer features/slennorm/,D
general features/slennorm/,D
oven features/slennorm/,D
recommended surfaces/slennorm/,D
area of use/slennorm/,D
equivalent ready to use amount/slennorm/,D
form/slennorm/,D
hose exhaust/slennorm/,D
niosh classification/slennorm/,D
harp style/slennorm/,D
shank style/slennorm/,D
tile features/slennorm/,D
tile finish/slennorm/,D
drywall features/slennorm/,D
engine cycles/slennorm/,D
vanity features/slennorm/,D
handle finish/slennorm/,D
gate opening style/slennorm/,D
generator features/slennorm/,D
hardwired or plug-in/slennorm/,D
shaft shape/slennorm/,D
dust collection method/slennorm/,D
stranded or solid/slennorm/,D
kit contents/slennorm/,D
accessory compatibility/slennorm/,D
garland or wreath/slennorm/,D
mounting/slennorm/,D
"staple, clip, tie or tubing/slennorm/",D
recommended function/slennorm/,D
plant variety/slennorm/,D
safety features/slennorm/,D
light style/slennorm/,D
installation features/slennorm/,D
botanical name/slennorm/,D
cleaning features/slennorm/,F
pump brand/slennorm/,D
shed style/slennorm/,D
garage features/slennorm/,D
board form/slennorm/,D
where to use/slennorm/,D
clawfoot tub style/slennorm/,D
feet finish/slennorm/,D
frame gauge/slennorm/,D
peak horsepower/slennorm/,D
installation method/slennorm/,D
hvac application/slennorm/,D
cushion and pillow features/slennorm/,D
use with/slennorm/,D
frame finish family/slennorm/,D
filter category/slennorm/,D
bath fan features/slennorm/,D
raised bed features/slennorm/,D
structured media piece/slennorm/,D
quantity included/slennorm/,D
container finish family/slennorm/,D
artificial or fresh cut/slennorm/,D
handle style/slennorm/,F
hot tub features/slennorm/,D
hot tub included components/slennorm/,D
artist's name/slennorm/,D
artwork name/slennorm/,D
wiring configuration/slennorm/,D
air deflection/slennorm/,D
primer purpose/slennorm/,D
electric fencing component/slennorm/,F
camera connection/slennorm/,D
camera technology/slennorm/,D
water compatibility/slennorm/,D
thread pitch/slennorm/,D
child lock placement/slennorm/,D
nfl team/slennorm/,D
psi range/slennorm/,D
cell layers/slennorm/,D
load location/slennorm/,D
shower arm style/slennorm/,D
thinner application/slennorm/,D
function/slennorm/,D
wall bar installation/slennorm/,D
monogram letter/slennorm/,D
brush or scraper/slennorm/,D
tank shape/slennorm/,D
product_title/slennorm/,D
