id,F
bullet,F
gauge,D
combined_material,D
mfg brand name,D
combined_count,D
combined_size,D
combined_weight,D
application method,D
cleanup,D
combined_color,D
combined_boolean,D
combined_area,D
combined_type,D
opacity,F
product style,D
combined_time,F
transparency,D
certifications and listings,D
construction,F
drain location,D
faucet mount,D
shape,D
combined_measurements,D
faucet features,F
faucet included components,D
combined_speed,D
spray pattern,D
microwave features,F
oven settings,F
light source,F
drive style,F
fastener head style,D
fastener plating,F
finish,D
finish family,D
head style,D
measurement standard,D
package quantity,D
primary use,D
application,D
moulding features,D
pattern number,D
sell pack options,D
engine make,D
features,D
included,D
light control,D
orientation,F
ladder rating,D
nonslip tread,F
fence application,D
quantity,F
mounting method,D
irrigation system component,D
door style,F
included items,D
combined_temperature,F
wash cycles,D
washer features,D
sheet or roll,D
coating product category,D
sheen,D
specialty finish,F
durability,D
battery amp hours,F
power tool features,F
vented or vent-free,D
fencing style,D
panel assembly,D
bowl shape,D
flushing mechanism,D
flushing technology,F
gallons per flush,D
map performance rating,F
mount location,F
toilet features,F
toilet included components,D
trip lever location,F
collection name,D
number in pack,D
hardware finish family,D
projection,D
style,D
use,F
coating base,D
surface recommended,D
frame primary finish,F
patio furniture features,D
door configuration,D
door handing,D
glass caming finish,F
glass style,D
hinge finish,D
ice melt features,D
product form,F
faced or unfaced,D
insulation r-value,F
roll or batt,D
flashlight features,F
lumens,D
power source,D
sheet features,D
water heater features,D
water heater profile,D
area rug pattern,D
cleaning instructions,D
rug shape,D
left side connection,D
right side connection,D
freezer features,F
general features,F
ice maker features,D
operational features,D
refrigeration dispenser features,D
storage features,D
window well part,D
btu cooling rating,D
decibel rating,F
combined_angle,D
drive system,D
broiler location,D
cooktop features,D
oven cleaning options,D
oven features,D
set includes,D
table finish,F
table primary finish,D
table shape,D
adhesion level,D
recommended surfaces,F
tools included,D
area of use,D
concentrated or ready to use,D
contact or systemic,D
equivalent ready to use amount,F
form,F
fits brands,D
hose exhaust,D
vent hose configuration,D
niosh classification,F
quantity per package,D
harp style,F
switch mechanism,D
density,D
filtration method,D
water filtration technology,D
bulb shape,D
light bulb base code,D
light bulb features,D
light bulb shape code,D
lighting technology,D
number in package,D
watt equivalence,D
shank style,F
exact dry scof rating,D
exact wet scof rating,D
tile features,D
tile finish,F
tile use,D
fastener recommendation,F
fits models,D
electrical features,D
switch style,D
installation,D
minimum recommended air delivery scfm @ 90psi,D
nail gauge,D
dry cycles,D
dryer features,D
lint filter location,F
portable heater features,D
landscape lighting application,D
outdoor lighting features,D
season use,D
drywall features,D
tub features,D
bookcase style,D
engine cycles,F
featured collections,D
power distribution features,D
connection 1,D
connection 2,D
bell wire required,D
bench or stationary,D
mounting options,D
tint base,D
wall plate configuration,D
wall plate deco style,D
duty rating,D
groove joint,D
sprayer use,D
continuous wattage,D
peak wattage,D
vanity features,F
vanity included components,D
vanity top accommodations,F
electronics features,D
electronics included components,D
handle finish,F
teeth per inch,D
gate opening style,F
wired or wireless,D
btu heat rating,D
u-factor,D
maximum current,D
pressure treatment chemical,D
connection,D
rating,D
valve use,D
mounting style,D
profile,F
bulb finish,D
wood pieces included,D
generator features,F
hardwired or plug-in,F
shaft shape,F
dust collection method,F
drip & micro irrigation component,D
conductor gauge,D
package contents,D
stranded or solid,F
range of motion,D
kit contents,F
accessory change system,D
accessory compatibility,D
siding features,D
garland or wreath,F
garland style,D
mounting,F
roof style,D
grill features,F
recommended light bulb shape code,D
default pad,D
lower oven features,D
lower oven rack positions,D
upper oven features,D
compatible hand tool,D
"fish tape, rod or lubricant",D
padding application,D
fixed or tension,D
stain,D
"staple, clip, tie or tubing",D
protection plan category,D
recommended function,F
ceiling or wall installation,D
rope configuration,F
recommended oil,D
plant category,D
plant variety,D
safety features,F
light functions,D
light style,D
application use,D
tank style,D
fits faucet brand,D
profiles,D
gas or electric,D
installation features,D
additional characteristics,D
botanical name,D
mirror mount location,D
knob shape,D
cleaning features,F
gpm,D
pump brand,F
roof pitch,D
shed style,F
garage features,F
board form,F
installation location,D
appliance series,D
where to use,D
clawfoot tub style,D
feet finish,F
frame gauge,D
grit,D
sanding grade,D
faucet finish,F
on-center measurement,D
peak horsepower,D
installation method,D
handleset finish,F
hvac application,F
cushion and pillow features,F
door design,D
seat shape,D
use with,D
sink gauge,D
frame finish family,D
lubricant base,D
filter category,D
bath fan features,F
wall construction,D
connector recommendation,D
vent style,D
surveillance features,D
bend radius,D
points,D
raised bed features,F
compatibility,D
dishwasher features,D
dishwasher rack configuration,D
art classification,D
wall decal theme,D
structured media piece,F
cabinet collection,D
grounding,D
outlet location,D
quantity included,D
doors operated by remote,D
remote controls included,D
decoration theme,D
track lighting configuration,D
college team,D
trash and recycling features,D
cuts through,D
tile saw features,D
container finish family,D
maximum wattage,D
artificial or fresh cut,F
handle style,F
fixture finish,D
fixture finish family,D
new construction or remodel,D
reflector finish family,D
tree shape,D
cooler features,D
panel style,D
pattern name,D
grill compatibility,D
wall oven configuration,D
ornament or tree topper,D
channels,D
raceway cord covers system,D
shower included components,D
sprayer category,D
application tested,D
ac rating,D
gloss,D
hot tub features,F
hot tub included components,F
indoor decor theme,D
air filter features,D
artist's name,F
artwork name,F
wiring configuration,D
air deflection,D
threshold style,D
primer purpose,F
electric fencing component,F
mirror use,D
camera connection,F
camera technology,F
water compatibility,F
trailer parts and accessories,D
chemical form,D
gallons per hour,D
measures,D
hasp use,D
compatible product,D
design,D
thermostat features,D
filtered or filterless,D
fastener style,D
gardening book category,D
back plate style,D
thread pitch,F
child lock placement,F
nfl team,F
models used with,D
location,D
psi range,F
cell layers,F
key ring style,D
ring style,D
load location,F
primary application,D
viscosity grade,D
shingle style,D
gas(es) detected,D
shower arm style,F
character,D
roof construction,D
display technology,D
battery application,D
flow rate,D
primary ingredient,D
fabric surface,D
hanging style,D
light filtering level,D
tine position,D
compatible tool,D
trap style,D
sign lighting,D
home improvement topic,D
lighted area,D
thinner application,D
matting included,D
vehicle make,D
extinguisher features,D
video,D
cap shape,D
function,D
plumbing brush category,D
hammock style,D
tray shape,D
wall bar installation,D
monogram letter,F
nhl team,D
brush or scraper,F
operational surfaces,D
tank shape,F
key chain design,D
product_title,F
search_len,F
relevance,F
